{"cameraMode":{"drawMode":0,"name":"Shaded","section":"Shading Mode"},"sceneLighting":true,"audioPlay":false,"sceneViewState":{"m_AlwaysRefresh":false,"showFog":true,"showSkybox":true,"showFlares":true,"showImageEffects":true,"showParticleSystems":true,"showVisualEffectGraphs":true,"m_FxEnabled":false},"in2DMode":false,"pivot":{"x":-0.20148086547851563,"y":1.4169219732284547,"z":-0.8916878700256348},"rotation":{"x":0.018001001328229905,"y":0.4172394573688507,"z":-0.008266443386673928,"w":0.9085803627967835},"size":1.6188713312149048,"orthographic":false}